{"cameraMode":{"drawMode":0,"name":"Shaded","section":"Shading Mode"},"sceneLighting":true,"audioPlay":false,"sceneViewState":{"m_AlwaysRefresh":false,"showFog":true,"showSkybox":true,"showFlares":true,"showImageEffects":true,"showParticleSystems":true,"showVisualEffectGraphs":true,"m_FxEnabled":true},"in2DMode":false,"pivot":{"x":-14.140314102172852,"y":13.543938636779786,"z":-6.19682502746582},"rotation":{"x":-0.021306199952960016,"y":-0.01471672486513853,"z":0.0003309607272967696,"w":-0.9996935129165649},"size":8.121102333068848,"orthographic":false}